Sample Type/ Type d'�chantillon,Type,Start Date/ Date de D�but,Stop Date/ Date de Fin,Station Name/ Nom de Station,Province,Sr90 Activity/ Activit� (Bq/L),Sr90 Error/ Erreur (Bq/L),Sr90 Activity/Calcium / Activit�/Calcium  (Bq/g)
MILK,WHOLE,01-Jan-84,31-Mar-84,CALGARY,AB,1.05E-01,9.96E-03,9.70E-02
MILK,WHOLE,01-Apr-84,30-Jun-84,CALGARY,AB,6.28E-02,8.66E-03,7.47E-02
MILK,WHOLE,01-Jul-84,30-Sep-84,CALGARY,AB,5.80E-02,,
MILK,WHOLE,01-Oct-84,31-Dec-84,CALGARY,AB,5.50E-09,1.08E-09,5.39E-09
MILK,WHOLE,01-Jan-85,31-Mar-85,CALGARY,AB,4.10E-02,5.79E-03,4.02E-02
MILK,WHOLE,01-Apr-85,30-Jun-85,CALGARY,AB,4.10E-02,5.79E-03,3.69E-02
MILK,WHOLE,01-Jul-85,30-Sep-85,CALGARY,AB,4.10E-02,5.79E-03,3.73E-02
MILK,WHOLE,01-Oct-85,31-Dec-85,CALGARY,AB,4.10E-02,5.79E-03,3.83E-02
MILK,WHOLE,01-Jan-86,31-Mar-86,CALGARY,AB,5.95E-02,6.49E-03,5.67E-02
MILK,WHOLE,01-Apr-86,30-Jun-86,CALGARY,AB,7.99E-02,2.13E-02,7.91E-02
MILK,WHOLE,01-Jul-86,30-Sep-86,CALGARY,AB,6.62E-02,7.93E-03,6.19E-02
MILK,WHOLE,01-Oct-86,31-Dec-86,CALGARY,AB,6.27E-02,6.90E-03,6.21E-02
MILK,WHOLE,01-Jan-87,31-Mar-87,CALGARY,AB,5.11E-02,5.79E-03,5.11E-02
MILK,WHOLE,01-Apr-87,30-Jun-87,CALGARY,AB,5.95E-02,6.95E-03,5.72E-02
MILK,WHOLE,01-Jul-87,30-Sep-87,CALGARY,AB,4.93E-02,6.47E-03,4.83E-02
MILK,WHOLE,01-Oct-87,31-Dec-87,CALGARY,AB,4.83E-02,7.63E-03,4.93E-02
MILK,WHOLE,01-Jan-88,31-Mar-88,CALGARY,AB,4.11E-02,3.96E-03,3.99E-02
MILK,WHOLE,01-Apr-88,30-Jun-88,CALGARY,AB,4.74E-02,4.78E-03,4.47E-02
MILK,WHOLE,01-Jul-88,30-Sep-88,CALGARY,AB,5.61E-02,5.53E-03,5.50E-02
MILK,WHOLE,01-Oct-88,31-Dec-88,CALGARY,AB,4.96E-02,4.53E-03,4.81E-02
MILK,WHOLE,01-Jan-89,31-Mar-89,CALGARY,AB,4.55E-02,4.43E-03,4.34E-02
MILK,WHOLE,01-Jan-90,31-Mar-90,CALGARY,AB,4.91E-02,4.48E-03,4.72E-02
MILK,WHOLE,01-Apr-91,30-Jun-91,CALGARY,AB,4.16E-02,3.95E-03,3.96E-02
MILK,WHOLE,01-Apr-92,30-Jun-92,CALGARY,AB,3.83E-02,3.65E-03,3.58E-02
MILK,WHOLE,01-Jan-93,31-Mar-93,CALGARY,AB,5.58E-02,1.09E-02,
MILK,WHOLE,01-Apr-93,30-Jun-93,CALGARY,AB,4.03E-02,8.36E-03,
MILK,WHOLE,01-Jul-93,30-Sep-93,CALGARY,AB,3.91E-02,7.23E-03,
MILK,WHOLE,01-Oct-93,31-Dec-93,CALGARY,AB,2.16E-02,6.88E-03,
MILK,WHOLE,01-Jan-84,31-Mar-84,EDMONTON,AB,3.44E-02,4.65E-03,3.58E-02
MILK,WHOLE,01-Apr-84,30-Jun-84,EDMONTON,AB,8.99E-02,8.58E-03,7.37E-02
MILK,WHOLE,01-Jul-84,30-Sep-84,EDMONTON,AB,7.80E-02,,
MILK,WHOLE,01-Oct-84,31-Dec-84,EDMONTON,AB,5.50E-09,1.08E-09,5.39E-09
MILK,WHOLE,01-Jan-85,31-Mar-85,EDMONTON,AB,5.51E-02,6.66E-03,5.30E-02
MILK,WHOLE,01-Apr-85,30-Jun-85,EDMONTON,AB,5.51E-02,6.66E-03,5.01E-02
MILK,WHOLE,01-Jul-85,30-Sep-85,EDMONTON,AB,5.51E-02,6.66E-03,4.75E-02
MILK,WHOLE,01-Oct-85,31-Dec-85,EDMONTON,AB,5.51E-02,6.66E-03,4.84E-02
MILK,WHOLE,01-Jan-86,31-Mar-86,EDMONTON,AB,6.14E-02,7.07E-03,5.79E-02
MILK,WHOLE,01-Apr-86,30-Jun-86,EDMONTON,AB,8.12E-02,1.89E-02,7.89E-02
MILK,WHOLE,01-Jul-86,30-Sep-86,EDMONTON,AB,8.37E-02,9.31E-03,7.61E-02
MILK,WHOLE,01-Oct-86,31-Dec-86,EDMONTON,AB,6.99E-02,6.82E-03,6.59E-02
MILK,WHOLE,01-Jan-87,31-Mar-87,EDMONTON,AB,7.05E-02,6.54E-03,7.26E-02
MILK,WHOLE,01-Apr-87,30-Jun-87,EDMONTON,AB,6.93E-02,8.53E-03,6.60E-02
MILK,WHOLE,01-Jul-87,30-Sep-87,EDMONTON,AB,5.99E-02,6.06E-03,5.99E-02
MILK,WHOLE,01-Oct-87,31-Dec-87,EDMONTON,AB,7.56E-02,7.69E-03,7.13E-02
MILK,WHOLE,01-Jan-88,31-Mar-88,EDMONTON,AB,5.78E-02,5.76E-03,5.56E-02
MILK,WHOLE,01-Apr-88,30-Jun-88,EDMONTON,AB,6.04E-02,5.39E-03,5.92E-02
MILK,WHOLE,01-Jul-88,30-Sep-88,EDMONTON,AB,6.91E-02,6.23E-03,6.78E-02
MILK,WHOLE,01-Oct-88,31-Dec-88,EDMONTON,AB,5.29E-02,4.86E-03,5.04E-02
MILK,WHOLE,01-Jan-89,31-Mar-89,EDMONTON,AB,6.29E-02,5.55E-03,6.05E-02
MILK,WHOLE,01-Jul-89,30-Sep-89,EDMONTON,AB,6.70E-02,,
MILK,WHOLE,01-Oct-90,31-Dec-90,EDMONTON,AB,5.71E-02,7.13E-03,5.49E-02
MILK,WHOLE,01-Jan-92,31-Mar-92,EDMONTON,AB,6.40E-02,,
MILK,WHOLE,01-Jan-93,31-Mar-93,EDMONTON,AB,5.12E-02,8.88E-03,
MILK,WHOLE,01-Apr-93,30-Jun-93,EDMONTON,AB,5.36E-02,8.20E-03,
MILK,WHOLE,01-Jul-93,30-Sep-93,EDMONTON,AB,5.40E-02,7.35E-03,
MILK,WHOLE,01-Oct-93,31-Dec-93,EDMONTON,AB,3.67E-02,7.17E-03,
MILK,WHOLE,01-Jan-93,31-Mar-93,FREDERICTON,NB,6.86E-02,9.61E-03,
MILK,WHOLE,01-Apr-93,30-Jun-93,FREDERICTON,NB,6.66E-02,9.32E-03,
MILK,WHOLE,01-Jul-93,30-Sep-93,FREDERICTON,NB,1.01E-01,9.12E-03,
MILK,WHOLE,01-Oct-93,31-Dec-93,FREDERICTON,NB,7.28E-02,7.92E-03,
MILK,WHOLE,01-Jan-84,31-Mar-84,HALIFAX,NS,1.09E-01,1.18E-02,1.06E-01
MILK,WHOLE,01-Apr-84,30-Jun-84,HALIFAX,NS,8.44E-02,9.74E-03,8.12E-02
MILK,WHOLE,01-Jul-84,30-Sep-84,HALIFAX,NS,1.10E-01,,
MILK,WHOLE,01-Oct-84,31-Dec-84,HALIFAX,NS,5.50E-09,1.08E-09,5.39E-09
MILK,WHOLE,01-Jan-85,31-Mar-85,HALIFAX,NS,9.74E-02,8.80E-03,9.55E-02
MILK,WHOLE,01-Apr-85,30-Jun-85,HALIFAX,NS,9.73E-02,8.79E-03,8.53E-02
MILK,WHOLE,01-Jul-85,30-Sep-85,HALIFAX,NS,9.77E-02,8.82E-03,9.77E-02
MILK,WHOLE,01-Oct-85,31-Dec-85,HALIFAX,NS,9.73E-02,8.79E-03,8.93E-02
MILK,WHOLE,01-Jan-86,31-Mar-86,HALIFAX,NS,9.82E-02,9.74E-03,9.26E-02
MILK,WHOLE,01-Apr-86,30-Jun-86,HALIFAX,NS,8.65E-02,1.04E-02,8.74E-02
MILK,WHOLE,01-Jul-86,30-Sep-86,HALIFAX,NS,9.66E-02,7.85E-03,8.86E-02
MILK,WHOLE,01-Oct-86,31-Dec-86,HALIFAX,NS,8.15E-02,7.85E-03,8.07E-02
MILK,WHOLE,01-Jan-87,31-Mar-87,HALIFAX,NS,1.17E-01,9.83E-03,1.18E-01
MILK,WHOLE,01-Apr-87,30-Jun-87,HALIFAX,NS,7.17E-02,9.24E-03,6.89E-02
MILK,WHOLE,01-Jul-87,30-Sep-87,HALIFAX,NS,8.80E-02,1.12E-02,8.80E-02
MILK,WHOLE,01-Oct-87,31-Dec-87,HALIFAX,NS,1.01E-01,1.46E-02,9.99E-02
MILK,WHOLE,01-Jan-88,31-Mar-88,HALIFAX,NS,6.13E-02,6.23E-03,6.19E-02
MILK,WHOLE,01-Apr-88,30-Jun-88,HALIFAX,NS,8.82E-02,7.24E-03,8.09E-02
MILK,WHOLE,01-Jul-88,30-Sep-88,HALIFAX,NS,8.83E-02,7.15E-03,8.74E-02
MILK,WHOLE,01-Oct-88,31-Dec-88,HALIFAX,NS,7.30E-02,6.24E-03,7.15E-02
MILK,WHOLE,01-Jan-89,31-Mar-89,HALIFAX,NS,6.37E-02,5.78E-03,6.24E-02
MILK,WHOLE,01-Jul-89,30-Sep-89,HALIFAX,NS,7.10E-02,,
MILK,WHOLE,01-Apr-90,30-Jun-90,HALIFAX,NS,6.86E-02,5.55E-03,6.54E-02
MILK,WHOLE,01-Apr-91,30-Jun-91,HALIFAX,NS,6.46E-02,5.95E-03,5.93E-02
MILK,WHOLE,01-Jan-92,31-Mar-92,HALIFAX,NS,4.70E-02,,
MILK,WHOLE,01-Apr-92,30-Jun-92,HALIFAX,NS,6.33E-02,5.14E-03,5.81E-02
MILK,WHOLE,01-Jan-93,31-Mar-93,HALIFAX,NS,4.79E-02,8.98E-03,
MILK,WHOLE,01-Apr-93,30-Jun-93,HALIFAX,NS,6.17E-02,8.56E-03,
MILK,WHOLE,01-Jul-93,30-Sep-93,HALIFAX,NS,5.96E-02,8.35E-03,
MILK,WHOLE,01-Oct-93,31-Dec-93,HALIFAX,NS,5.75E-02,7.57E-03,
MILK,WHOLE,01-Jan-92,31-Mar-92,LONDON,ON,3.70E-02,,
MILK,WHOLE,01-Jan-93,31-Mar-93,LONDON,ON,3.92E-02,8.95E-03,
MILK,WHOLE,01-Apr-93,30-Jun-93,LONDON,ON,3.09E-02,7.88E-03,
MILK,WHOLE,01-Jul-93,30-Sep-93,LONDON,ON,3.61E-02,7.06E-03,
MILK,WHOLE,01-Oct-93,31-Dec-93,LONDON,ON,2.19E-02,7.35E-03,
MILK,WHOLE,01-Jan-84,31-Mar-84,MONCTON,NB,8.30E-02,1.07E-02,9.13E-02
MILK,WHOLE,01-Apr-84,30-Jun-84,MONCTON,NB,1.14E-01,1.10E-02,1.14E-01
MILK,WHOLE,01-Jul-84,30-Sep-84,MONCTON,NB,1.40E-01,,
MILK,WHOLE,01-Oct-84,31-Dec-84,MONCTON,NB,9.50E-02,,
MILK,WHOLE,01-Jan-85,31-Mar-85,MONCTON,NB,1.29E-01,1.21E-02,1.26E-01
MILK,WHOLE,01-Apr-85,30-Jun-85,MONCTON,NB,1.29E-01,1.21E-02,1.13E-01
MILK,WHOLE,01-Jul-85,30-Sep-85,MONCTON,NB,1.29E-01,1.21E-02,1.33E-01
MILK,WHOLE,01-Oct-85,31-Dec-85,MONCTON,NB,1.29E-01,1.21E-02,1.21E-01
MILK,WHOLE,01-Jan-86,31-Mar-86,MONCTON,NB,1.14E-01,1.21E-02,1.12E-01
MILK,WHOLE,01-Apr-86,30-Jun-86,MONCTON,NB,1.12E-01,1.24E-02,1.14E-01
MILK,WHOLE,01-Jul-86,30-Sep-86,MONCTON,NB,1.21E-01,9.51E-03,1.15E-01
MILK,WHOLE,01-Oct-86,31-Dec-86,MONCTON,NB,1.13E-01,9.93E-03,1.08E-01
MILK,WHOLE,01-Jan-87,31-Mar-87,MONCTON,NB,7.51E-02,7.39E-03,8.16E-02
MILK,WHOLE,01-Apr-87,30-Jun-87,MONCTON,NB,9.26E-02,9.62E-03,8.91E-02
MILK,WHOLE,01-Jul-87,30-Sep-87,MONCTON,NB,1.33E-01,1.22E-02,1.30E-01
MILK,WHOLE,01-Oct-87,31-Dec-87,MONCTON,NB,8.87E-02,8.56E-03,8.14E-02
MILK,WHOLE,01-Jan-88,31-Mar-88,MONCTON,NB,7.45E-02,8.03E-03,7.16E-02
MILK,WHOLE,01-Apr-88,30-Jun-88,MONCTON,NB,7.22E-02,6.05E-03,6.68E-02
MILK,WHOLE,01-Jul-88,30-Sep-88,MONCTON,NB,1.01E-01,8.60E-03,9.93E-02
MILK,WHOLE,01-Oct-88,31-Dec-88,MONCTON,NB,8.09E-02,6.50E-03,7.85E-02
MILK,WHOLE,01-Jan-89,31-Mar-89,MONCTON,NB,8.01E-02,6.95E-03,7.77E-02
MILK,WHOLE,01-Oct-89,31-Dec-89,MONCTON,NB,8.37E-02,7.58E-03,8.05E-02
MILK,WHOLE,01-Jul-91,30-Sep-91,MONCTON,NB,8.34E-02,6.66E-03,7.73E-02
MILK,WHOLE,01-Jan-84,31-Mar-84,MONTREAL,QC,1.27E-01,1.22E-02,1.20E-01
MILK,WHOLE,01-Apr-84,30-Jun-84,MONTREAL,QC,8.34E-02,1.11E-02,7.94E-02
MILK,WHOLE,01-Jul-84,30-Sep-84,MONTREAL,QC,8.20E-02,,
MILK,WHOLE,01-Oct-84,31-Dec-84,MONTREAL,QC,9.30E-02,,
MILK,WHOLE,01-Jan-85,31-Mar-85,MONTREAL,QC,6.55E-02,6.52E-03,6.24E-02
MILK,WHOLE,01-Apr-85,30-Jun-85,MONTREAL,QC,6.55E-02,6.52E-03,5.75E-02
MILK,WHOLE,01-Jul-85,30-Sep-85,MONTREAL,QC,6.57E-02,6.53E-03,6.51E-02
MILK,WHOLE,01-Oct-85,31-Dec-85,MONTREAL,QC,6.57E-02,6.53E-03,6.32E-02
MILK,WHOLE,01-Jan-86,31-Mar-86,MONTREAL,QC,1.09E-01,1.12E-02,1.10E-01
MILK,WHOLE,01-Apr-86,30-Jun-86,MONTREAL,QC,8.90E-02,1.56E-02,9.17E-02
MILK,WHOLE,01-Jul-86,30-Sep-86,MONTREAL,QC,7.92E-02,6.98E-03,7.54E-02
MILK,WHOLE,01-Oct-86,31-Dec-86,MONTREAL,QC,6.54E-02,7.60E-03,6.23E-02
MILK,WHOLE,01-Jan-87,31-Mar-87,MONTREAL,QC,6.55E-02,5.99E-03,6.96E-02
MILK,WHOLE,01-Apr-87,30-Jun-87,MONTREAL,QC,5.16E-02,8.36E-03,5.16E-02
MILK,WHOLE,01-Jul-87,30-Sep-87,MONTREAL,QC,7.21E-02,6.62E-03,6.86E-02
MILK,WHOLE,01-Oct-87,31-Dec-87,MONTREAL,QC,5.35E-02,6.03E-03,5.25E-02
MILK,WHOLE,01-Jan-88,31-Mar-88,MONTREAL,QC,4.73E-02,3.89E-03,4.55E-02
MILK,WHOLE,01-Apr-88,30-Jun-88,MONTREAL,QC,6.29E-02,6.32E-03,6.23E-02
MILK,WHOLE,01-Jul-88,30-Sep-88,MONTREAL,QC,6.12E-02,5.34E-03,5.88E-02
MILK,WHOLE,01-Oct-88,31-Dec-88,MONTREAL,QC,5.72E-02,5.14E-03,5.45E-02
MILK,WHOLE,01-Jan-89,31-Mar-89,MONTREAL,QC,5.51E-02,4.96E-03,5.20E-02
MILK,WHOLE,01-Jul-89,30-Sep-89,MONTREAL,QC,6.50E-02,,
MILK,WHOLE,01-Apr-90,30-Jun-90,MONTREAL,QC,6.14E-02,5.16E-03,5.90E-02
MILK,WHOLE,01-Jan-91,31-Mar-91,MONTREAL,QC,6.20E-02,,
MILK,WHOLE,01-Oct-91,31-Dec-91,MONTREAL,QC,5.51E-02,4.97E-03,5.10E-02
MILK,WHOLE,01-Oct-92,31-Dec-92,MONTREAL,QC,6.23E-02,5.22E-03,5.88E-02
MILK,WHOLE,01-Jan-93,31-Mar-93,MONTREAL,QC,4.49E-02,8.65E-03,
MILK,WHOLE,01-Apr-93,30-Jun-93,MONTREAL,QC,6.12E-02,8.12E-03,
MILK,WHOLE,01-Jul-93,30-Sep-93,MONTREAL,QC,6.38E-02,8.46E-03,
MILK,WHOLE,01-Oct-93,31-Dec-93,MONTREAL,QC,4.81E-02,7.29E-03,
MILK,WHOLE,01-Jan-84,31-Mar-84,QUEBEC,QC,5.26E-02,8.04E-03,6.11E-02
MILK,WHOLE,01-Apr-84,30-Jun-84,QUEBEC,QC,7.00E-02,7.48E-03,7.07E-02
MILK,WHOLE,01-Jul-84,30-Sep-84,QUEBEC,QC,8.40E-02,,
MILK,WHOLE,01-Oct-84,31-Dec-84,QUEBEC,QC,1.00E-01,,
MILK,WHOLE,01-Jan-85,31-Mar-85,QUEBEC,QC,5.26E-02,5.63E-03,5.06E-02
MILK,WHOLE,01-Apr-85,30-Jun-85,QUEBEC,QC,5.26E-02,5.63E-03,4.57E-02
MILK,WHOLE,01-Jul-85,30-Sep-85,QUEBEC,QC,5.26E-02,5.63E-03,4.91E-02
MILK,WHOLE,01-Oct-85,31-Dec-85,QUEBEC,QC,5.26E-02,5.63E-03,4.87E-02
MILK,WHOLE,01-Jan-86,31-Mar-86,QUEBEC,QC,7.88E-02,1.23E-02,8.47E-02
MILK,WHOLE,01-Apr-86,30-Jun-86,QUEBEC,QC,8.20E-02,1.85E-02,8.28E-02
MILK,WHOLE,01-Jul-86,30-Sep-86,QUEBEC,QC,9.61E-02,8.29E-03,8.98E-02
MILK,WHOLE,01-Oct-86,31-Dec-86,QUEBEC,QC,9.65E-02,9.52E-03,9.46E-02
MILK,WHOLE,01-Jan-87,31-Mar-87,QUEBEC,QC,9.44E-02,8.17E-03,1.03E-01
MILK,WHOLE,01-Apr-87,30-Jun-87,QUEBEC,QC,7.23E-02,9.15E-03,7.16E-02
MILK,WHOLE,01-Jul-87,30-Sep-87,QUEBEC,QC,7.83E-02,7.14E-03,7.68E-02
MILK,WHOLE,01-Oct-87,31-Dec-87,QUEBEC,QC,7.59E-02,7.12E-03,7.44E-02
MILK,WHOLE,01-Jan-88,31-Mar-88,QUEBEC,QC,6.99E-02,6.66E-03,6.99E-02
MILK,WHOLE,01-Apr-88,30-Jun-88,QUEBEC,QC,8.32E-02,7.40E-03,8.08E-02
MILK,WHOLE,01-Jul-88,30-Sep-88,QUEBEC,QC,7.72E-02,6.33E-03,7.57E-02
MILK,WHOLE,01-Oct-88,31-Dec-88,QUEBEC,QC,7.17E-02,6.20E-03,6.83E-02
MILK,WHOLE,01-Jan-89,31-Mar-89,QUEBEC,QC,6.89E-02,6.10E-03,6.44E-02
MILK,WHOLE,01-Oct-89,31-Dec-89,QUEBEC,QC,7.70E-02,6.65E-03,7.19E-02
MILK,WHOLE,01-Jul-90,30-Sep-90,QUEBEC,QC,7.46E-02,6.61E-03,7.03E-02
MILK,WHOLE,01-Apr-91,30-Jun-91,QUEBEC,QC,7.00E-02,5.78E-03,6.61E-02
MILK,WHOLE,01-Jan-92,31-Mar-92,QUEBEC,QC,6.90E-02,,
MILK,WHOLE,01-Apr-92,30-Jun-92,QUEBEC,QC,6.71E-02,5.46E-03,6.16E-02
MILK,WHOLE,01-Jan-93,31-Mar-93,QUEBEC,QC,6.05E-02,5.09E-03,5.82E-02
MILK,WHOLE,01-Apr-93,30-Jun-93,QUEBEC,QC,8.29E-02,8.96E-03,
MILK,WHOLE,01-Jul-93,30-Sep-93,QUEBEC,QC,5.77E-02,7.45E-03,
MILK,WHOLE,01-Oct-93,31-Dec-93,QUEBEC,QC,7.21E-02,7.90E-03,
MILK,WHOLE,01-Jan-84,31-Mar-84,REGINA,SK,9.19E-02,1.05E-02,1.08E-01
MILK,WHOLE,01-Apr-84,30-Jun-84,REGINA,SK,1.10E-01,1.28E-02,1.14E-01
MILK,WHOLE,01-Jul-84,30-Sep-84,REGINA,SK,8.00E-02,,
MILK,WHOLE,01-Oct-84,31-Dec-84,REGINA,SK,6.30E-02,,
MILK,WHOLE,01-Jan-85,31-Mar-85,REGINA,SK,8.37E-02,9.48E-03,8.37E-02
MILK,WHOLE,01-Apr-85,30-Jun-85,REGINA,SK,8.37E-02,9.48E-03,7.54E-02
MILK,WHOLE,01-Jul-85,30-Sep-85,REGINA,SK,8.37E-02,9.48E-03,8.04E-02
MILK,WHOLE,01-Oct-85,31-Dec-85,REGINA,SK,8.37E-02,9.48E-03,8.04E-02
MILK,WHOLE,01-Jan-86,31-Mar-86,REGINA,SK,8.08E-02,9.30E-03,8.00E-02
MILK,WHOLE,01-Apr-86,30-Jun-86,REGINA,SK,8.51E-02,1.72E-02,8.34E-02
MILK,WHOLE,01-Jul-86,30-Sep-86,REGINA,SK,6.56E-02,6.85E-03,6.08E-02
MILK,WHOLE,01-Oct-86,31-Dec-86,REGINA,SK,7.59E-02,8.07E-03,6.96E-02
MILK,WHOLE,01-Jan-87,31-Mar-87,REGINA,SK,7.00E-02,6.61E-03,6.31E-02
MILK,WHOLE,01-Apr-87,30-Jun-87,REGINA,SK,5.32E-02,7.89E-03,5.22E-02
MILK,WHOLE,01-Jul-87,30-Sep-87,REGINA,SK,5.81E-02,6.46E-03,5.38E-02
MILK,WHOLE,01-Oct-87,31-Dec-87,REGINA,SK,6.71E-02,8.28E-03,6.64E-02
MILK,WHOLE,01-Jan-88,31-Mar-88,REGINA,SK,6.05E-02,5.85E-03,5.99E-02
MILK,WHOLE,01-Apr-88,30-Jun-88,REGINA,SK,6.78E-02,8.64E-03,6.71E-02
MILK,WHOLE,01-Jul-88,30-Sep-88,REGINA,SK,6.23E-02,5.61E-03,6.11E-02
MILK,WHOLE,01-Oct-88,31-Dec-88,REGINA,SK,4.90E-02,4.96E-03,4.80E-02
MILK,WHOLE,01-Jan-89,31-Mar-89,REGINA,SK,6.65E-02,6.32E-03,6.46E-02
MILK,WHOLE,01-Oct-89,31-Dec-89,REGINA,SK,5.99E-02,5.33E-03,5.81E-02
MILK,WHOLE,01-Jan-91,31-Mar-91,REGINA,SK,6.60E-02,,
MILK,WHOLE,01-Jul-92,30-Sep-92,REGINA,SK,5.81E-02,4.94E-03,5.49E-02
MILK,WHOLE,01-Jan-93,31-Mar-93,REGINA,SK,5.89E-02,9.86E-03,
MILK,WHOLE,01-Apr-93,30-Jun-93,REGINA,SK,6.06E-02,8.99E-03,
MILK,WHOLE,01-Jul-93,30-Sep-93,REGINA,SK,5.11E-02,7.30E-03,
MILK,WHOLE,01-Oct-93,31-Dec-93,REGINA,SK,4.90E-02,7.27E-03,
MILK,WHOLE,01-Jan-84,31-Mar-84,SASKATOON,SK,9.93E-02,1.03E-02,1.15E-01
MILK,WHOLE,01-Apr-84,30-Jun-84,SASKATOON,SK,8.55E-02,9.99E-03,9.72E-02
MILK,WHOLE,01-Jul-84,30-Sep-84,SASKATOON,SK,4.40E-02,,
MILK,WHOLE,01-Oct-84,31-Dec-84,SASKATOON,SK,9.70E-02,,
MILK,WHOLE,01-Jan-85,31-Mar-85,SASKATOON,SK,5.71E-02,6.14E-03,5.39E-02
MILK,WHOLE,01-Apr-85,30-Jun-85,SASKATOON,SK,5.73E-02,6.16E-03,5.07E-02
MILK,WHOLE,01-Jul-85,30-Sep-85,SASKATOON,SK,5.73E-02,6.16E-03,5.67E-02
MILK,WHOLE,01-Oct-85,31-Dec-85,SASKATOON,SK,5.73E-02,6.16E-03,5.73E-02
MILK,WHOLE,01-Jan-86,31-Mar-86,SASKATOON,SK,9.17E-02,9.28E-03,8.91E-02
MILK,WHOLE,01-Apr-86,30-Jun-86,SASKATOON,SK,8.19E-02,1.23E-02,8.28E-02
MILK,WHOLE,01-Jul-86,30-Sep-86,SASKATOON,SK,7.87E-02,6.92E-03,7.64E-02
MILK,WHOLE,01-Oct-86,31-Dec-86,SASKATOON,SK,5.51E-02,6.31E-03,5.10E-02
MILK,WHOLE,01-Jan-87,31-Mar-87,SASKATOON,SK,7.49E-02,7.76E-03,7.41E-02
MILK,WHOLE,01-Apr-87,30-Jun-87,SASKATOON,SK,8.32E-02,8.59E-03,8.08E-02
MILK,WHOLE,01-Jul-87,30-Sep-87,SASKATOON,SK,7.87E-02,7.71E-03,7.29E-02
MILK,WHOLE,01-Oct-87,31-Dec-87,SASKATOON,SK,6.27E-02,5.95E-03,6.27E-02
MILK,WHOLE,01-Jan-88,31-Mar-88,SASKATOON,SK,7.44E-02,6.69E-03,7.22E-02
MILK,WHOLE,01-Apr-88,30-Jun-88,SASKATOON,SK,6.87E-02,6.69E-03,6.30E-02
MILK,WHOLE,01-Jul-88,30-Sep-88,SASKATOON,SK,6.83E-02,6.00E-03,6.63E-02
MILK,WHOLE,01-Oct-88,31-Dec-88,SASKATOON,SK,7.05E-02,6.79E-03,6.84E-02
MILK,WHOLE,01-Jan-89,31-Mar-89,SASKATOON,SK,6.60E-02,6.75E-03,6.41E-02
MILK,WHOLE,01-Apr-90,30-Jun-90,SASKATOON,SK,6.93E-02,6.65E-03,6.73E-02
MILK,WHOLE,01-Jul-91,30-Sep-91,SASKATOON,SK,5.22E-02,5.16E-03,4.97E-02
MILK,WHOLE,01-Oct-92,31-Dec-92,SASKATOON,SK,5.37E-02,4.76E-03,4.93E-02
MILK,WHOLE,01-Jan-93,31-Mar-93,SASKATOON,SK,7.79E-02,1.03E-02,
MILK,WHOLE,01-Apr-93,30-Jun-93,SASKATOON,SK,7.01E-02,8.63E-03,
MILK,WHOLE,01-Jul-93,30-Sep-93,SASKATOON,SK,8.88E-02,8.90E-03,
MILK,WHOLE,01-Oct-93,31-Dec-93,SASKATOON,SK,5.18E-02,7.40E-03,
MILK,WHOLE,01-Jan-84,31-Mar-84,SAULT STE. MARIE,ON,1.52E-01,1.38E-02,1.69E-01
MILK,WHOLE,01-Apr-84,30-Jun-84,SAULT STE. MARIE,ON,1.21E-01,1.25E-02,1.37E-01
MILK,WHOLE,01-Jul-84,30-Sep-84,SAULT STE. MARIE,ON,9.50E-02,,
MILK,WHOLE,01-Oct-84,31-Dec-84,SAULT STE. MARIE,ON,1.30E-01,,
MILK,WHOLE,01-Jan-85,31-Mar-85,SAULT STE. MARIE,ON,9.78E-02,9.42E-03,9.14E-02
MILK,WHOLE,01-Apr-85,30-Jun-85,SAULT STE. MARIE,ON,9.78E-02,9.42E-03,8.74E-02
MILK,WHOLE,01-Jul-85,30-Sep-85,SAULT STE. MARIE,ON,9.78E-02,9.42E-03,8.51E-02
MILK,WHOLE,01-Oct-85,31-Dec-85,SAULT STE. MARIE,ON,9.78E-02,9.42E-03,9.59E-02
MILK,WHOLE,01-Jan-86,31-Mar-86,SAULT STE. MARIE,ON,1.07E-01,1.03E-02,1.08E-01
MILK,WHOLE,01-Apr-86,30-Jun-86,SAULT STE. MARIE,ON,1.23E-01,2.11E-02,1.23E-01
MILK,WHOLE,01-Jul-86,30-Sep-86,SAULT STE. MARIE,ON,1.40E-01,1.14E-02,1.46E-01
MILK,WHOLE,01-Oct-86,31-Dec-86,SAULT STE. MARIE,ON,1.13E-01,9.11E-03,1.04E-01
MILK,WHOLE,01-Jan-87,31-Mar-87,SAULT STE. MARIE,ON,1.13E-01,1.01E-02,1.10E-01
MILK,WHOLE,01-Apr-87,30-Jun-87,SAULT STE. MARIE,ON,1.25E-01,1.07E-02,1.20E-01
MILK,WHOLE,01-Jul-87,30-Sep-87,SAULT STE. MARIE,ON,1.17E-01,9.65E-03,1.13E-01
MILK,WHOLE,01-Oct-87,31-Dec-87,SAULT STE. MARIE,ON,9.78E-02,8.34E-03,9.78E-02
MILK,WHOLE,01-Jan-88,31-Mar-88,SAULT STE. MARIE,ON,1.10E-01,9.00E-03,1.13E-01
MILK,WHOLE,01-Apr-88,30-Jun-88,SAULT STE. MARIE,ON,1.01E-01,8.84E-03,9.31E-02
MILK,WHOLE,01-Jul-88,30-Sep-88,SAULT STE. MARIE,ON,1.03E-01,8.53E-03,1.02E-01
MILK,WHOLE,01-Oct-88,31-Dec-88,SAULT STE. MARIE,ON,7.95E-02,6.85E-03,7.72E-02
MILK,WHOLE,01-Jan-89,31-Mar-89,SAULT STE. MARIE,ON,8.58E-02,7.55E-03,8.02E-02
MILK,WHOLE,01-Jul-89,30-Sep-89,SAULT STE. MARIE,ON,1.06E-01,,
MILK,WHOLE,01-Jan-90,31-Mar-90,SAULT STE. MARIE,ON,9.17E-02,7.51E-03,8.91E-02
MILK,WHOLE,01-Jul-90,30-Sep-90,SAULT STE. MARIE,ON,1.05E-01,8.82E-03,9.99E-02
MILK,WHOLE,01-Jan-91,31-Mar-91,SAULT STE. MARIE,ON,8.50E-02,,
MILK,WHOLE,01-Jul-91,30-Sep-91,SAULT STE. MARIE,ON,8.63E-02,6.80E-03,7.91E-02
MILK,WHOLE,01-Jan-92,31-Mar-92,SAULT STE. MARIE,ON,8.10E-02,,
MILK,WHOLE,01-Jul-92,30-Sep-92,SAULT STE. MARIE,ON,8.03E-02,6.33E-03,7.43E-02
MILK,WHOLE,01-Jan-93,31-Mar-93,SAULT STE. MARIE,ON,8.04E-02,6.56E-03,7.37E-02
MILK,WHOLE,01-Apr-93,30-Jun-93,SAULT STE. MARIE,ON,8.13E-02,8.90E-03,
MILK,WHOLE,01-Jul-93,30-Sep-93,SAULT STE. MARIE,ON,7.92E-02,8.79E-03,
MILK,WHOLE,01-Oct-93,31-Dec-93,SAULT STE. MARIE,ON,4.96E-02,7.44E-03,
MILK,WHOLE,01-Jan-84,31-Mar-84,ST. JOHN'S,NF,1.00E-01,1.09E-02,1.02E-01
MILK,WHOLE,01-Apr-84,30-Jun-84,ST. JOHN'S,NF,1.26E-01,1.25E-02,1.27E-01
MILK,WHOLE,01-Jul-84,30-Sep-84,ST. JOHN'S,NF,1.10E-01,,
MILK,WHOLE,01-Oct-84,31-Dec-84,ST. JOHN'S,NF,1.20E-01,,
MILK,WHOLE,01-Jan-85,31-Mar-85,ST. JOHN'S,NF,1.12E-01,1.01E-02,1.05E-01
MILK,WHOLE,01-Apr-85,30-Jun-85,ST. JOHN'S,NF,1.12E-01,1.02E-02,9.95E-02
MILK,WHOLE,01-Jul-85,30-Sep-85,ST. JOHN'S,NF,1.12E-01,1.02E-02,1.06E-01
MILK,WHOLE,01-Oct-85,31-Dec-85,ST. JOHN'S,NF,1.12E-01,1.02E-02,1.01E-01
MILK,WHOLE,01-Jan-86,31-Mar-86,ST. JOHN'S,NF,8.97E-02,1.30E-02,9.34E-02
MILK,WHOLE,01-Apr-86,30-Jun-86,ST. JOHN'S,NF,1.26E-01,2.74E-02,1.24E-01
MILK,WHOLE,01-Jul-86,30-Sep-86,ST. JOHN'S,NF,1.77E-01,1.41E-02,1.81E-01
MILK,WHOLE,01-Oct-86,31-Dec-86,ST. JOHN'S,NF,9.88E-02,8.47E-03,9.68E-02
MILK,WHOLE,01-Jan-87,31-Mar-87,ST. JOHN'S,NF,8.88E-02,9.39E-03,8.88E-02
MILK,WHOLE,01-Apr-87,30-Jun-87,ST. JOHN'S,NF,9.23E-02,9.13E-03,8.97E-02
MILK,WHOLE,01-Jul-87,30-Sep-87,ST. JOHN'S,NF,1.16E-01,1.02E-02,1.14E-01
MILK,WHOLE,01-Oct-87,31-Dec-87,ST. JOHN'S,NF,9.25E-02,7.80E-03,8.98E-02
MILK,WHOLE,01-Jan-88,31-Mar-88,ST. JOHN'S,NF,9.37E-02,7.35E-03,9.10E-02
MILK,WHOLE,01-Apr-88,30-Jun-88,ST. JOHN'S,NF,1.07E-01,9.14E-03,1.06E-01
MILK,WHOLE,01-Jul-88,30-Sep-88,ST. JOHN'S,NF,1.19E-01,9.99E-03,1.19E-01
MILK,WHOLE,01-Oct-88,31-Dec-88,ST. JOHN'S,NF,9.23E-02,7.74E-03,9.14E-02
MILK,WHOLE,01-Jan-89,31-Mar-89,ST. JOHN'S,NF,9.09E-02,8.31E-03,8.57E-02
MILK,WHOLE,01-Jan-90,31-Mar-90,ST. JOHN'S,NF,8.32E-02,6.82E-03,8.08E-02
MILK,WHOLE,01-Oct-90,31-Dec-90,ST. JOHN'S,NF,8.58E-02,7.01E-03,8.09E-02
MILK,WHOLE,01-Oct-91,31-Dec-91,ST. JOHN'S,NF,7.94E-02,6.64E-03,7.42E-02
MILK,WHOLE,01-Oct-92,31-Dec-92,ST. JOHN'S,NF,5.23E-02,4.44E-03,5.08E-02
MILK,WHOLE,01-Jan-93,31-Mar-93,ST. JOHN'S,NL,7.62E-02,9.69E-03,
MILK,WHOLE,01-Apr-93,30-Jun-93,ST. JOHN'S,NL,4.81E-02,8.35E-03,
MILK,WHOLE,01-Jul-93,30-Sep-93,ST. JOHN'S,NL,4.04E-02,7.88E-03,
MILK,WHOLE,01-Oct-93,31-Dec-93,ST. JOHN'S,NL,3.80E-02,7.12E-03,
MILK,WHOLE,01-Jan-84,31-Mar-84,SUSSEX,NB,1.53E-01,1.39E-02,1.71E-01
MILK,WHOLE,01-Jul-84,30-Sep-84,SUSSEX,NB,1.20E-01,,
MILK,WHOLE,01-Oct-84,31-Dec-84,SUSSEX,NB,1.40E-01,,
MILK,WHOLE,01-Jan-85,31-Mar-85,SUSSEX,NB,7.91E-02,7.20E-03,7.47E-02
MILK,WHOLE,01-Apr-85,30-Jun-85,SUSSEX,NB,7.91E-02,7.20E-03,7.00E-02
MILK,WHOLE,01-Jul-85,30-Sep-85,SUSSEX,NB,7.91E-02,7.20E-03,7.13E-02
MILK,WHOLE,01-Oct-85,31-Dec-85,SUSSEX,NB,7.91E-02,7.20E-03,7.76E-02
MILK,WHOLE,01-Jan-86,31-Mar-86,SUSSEX,NB,1.29E-01,1.16E-02,1.37E-01
MILK,WHOLE,01-Apr-86,30-Jun-86,SUSSEX,NB,1.08E-01,1.14E-02,1.04E-01
MILK,WHOLE,01-Jul-86,30-Sep-86,SUSSEX,NB,1.31E-01,1.14E-02,1.31E-01
MILK,WHOLE,01-Oct-86,31-Dec-86,SUSSEX,NB,8.67E-02,7.33E-03,7.74E-02
MILK,WHOLE,01-Jan-87,31-Mar-87,SUSSEX,NB,9.27E-02,9.10E-03,9.00E-02
MILK,WHOLE,01-Apr-87,30-Jun-87,SUSSEX,NB,8.51E-02,8.60E-03,8.26E-02
MILK,WHOLE,01-Jul-87,30-Sep-87,SUSSEX,NB,1.13E-01,9.64E-03,1.06E-01
MILK,WHOLE,01-Oct-87,31-Dec-87,SUSSEX,NB,1.17E-01,9.59E-03,1.15E-01
MILK,WHOLE,01-Jan-88,31-Mar-88,SUSSEX,NB,7.89E-02,7.87E-03,7.51E-02
MILK,WHOLE,01-Apr-88,30-Jun-88,SUSSEX,NB,7.98E-02,7.00E-03,7.46E-02
MILK,WHOLE,01-Jul-88,30-Sep-88,SUSSEX,NB,1.11E-01,8.90E-03,1.06E-01
MILK,WHOLE,01-Oct-88,31-Dec-88,SUSSEX,NB,9.10E-02,7.47E-03,8.59E-02
MILK,WHOLE,01-Jan-89,31-Mar-89,SUSSEX,NB,6.78E-02,7.49E-03,6.46E-02
MILK,WHOLE,01-Jan-90,31-Mar-90,SUSSEX,NB,,,
MILK,WHOLE,01-Jul-90,30-Sep-90,SUSSEX,NB,8.82E-02,7.26E-03,8.24E-02
MILK,WHOLE,01-Jul-92,30-Sep-92,SUSSEX,NB,6.76E-02,6.84E-03,6.20E-02
MILK,WHOLE,01-Jan-93,31-Mar-93,SUSSEX,NB,5.65E-02,9.56E-03,
MILK,WHOLE,01-Apr-93,30-Jun-93,SUSSEX,NB,8.07E-02,8.97E-03,
MILK,WHOLE,01-Jul-93,30-Sep-93,SUSSEX,NB,6.98E-02,7.86E-03,
MILK,WHOLE,01-Oct-93,31-Dec-93,SUSSEX,NB,7.00E-02,8.05E-03,
MILK,WHOLE,01-Jan-84,31-Mar-84,THUNDER BAY,ON,1.31E-01,1.27E-02,1.21E-01
MILK,WHOLE,01-Apr-84,30-Jun-84,THUNDER BAY,ON,1.43E-01,1.59E-02,1.41E-01
MILK,WHOLE,01-Jul-84,30-Sep-84,THUNDER BAY,ON,1.30E-01,,
MILK,WHOLE,01-Oct-84,31-Dec-84,THUNDER BAY,ON,9.00E-02,,
MILK,WHOLE,01-Jan-85,31-Mar-85,THUNDER BAY,ON,1.25E-01,1.19E-02,1.15E-01
MILK,WHOLE,01-Apr-85,30-Jun-85,THUNDER BAY,ON,1.25E-01,1.19E-02,1.10E-01
MILK,WHOLE,01-Jul-85,30-Sep-85,THUNDER BAY,ON,1.25E-01,1.19E-02,1.26E-01
MILK,WHOLE,01-Oct-85,31-Dec-85,THUNDER BAY,ON,1.25E-01,1.19E-02,1.15E-01
MILK,WHOLE,01-Jan-86,31-Mar-86,THUNDER BAY,ON,9.02E-02,8.08E-03,8.35E-02
MILK,WHOLE,01-Apr-86,30-Jun-86,THUNDER BAY,ON,8.19E-02,1.48E-02,8.19E-02
MILK,WHOLE,01-Jul-86,30-Sep-86,THUNDER BAY,ON,1.07E-01,9.37E-03,1.01E-01
MILK,WHOLE,01-Oct-86,31-Dec-86,THUNDER BAY,ON,8.62E-02,8.64E-03,8.21E-02
MILK,WHOLE,01-Jan-87,31-Mar-87,THUNDER BAY,ON,7.92E-02,7.18E-03,8.00E-02
MILK,WHOLE,01-Apr-87,30-Jun-87,THUNDER BAY,ON,8.04E-02,8.93E-03,7.52E-02
MILK,WHOLE,01-Jul-87,30-Sep-87,THUNDER BAY,ON,7.57E-02,7.88E-03,7.50E-02
MILK,WHOLE,01-Oct-87,31-Dec-87,THUNDER BAY,ON,7.53E-02,6.12E-03,7.53E-02
MILK,WHOLE,01-Jan-88,31-Mar-88,THUNDER BAY,ON,7.67E-02,7.29E-03,7.59E-02
MILK,WHOLE,01-Apr-88,30-Jun-88,THUNDER BAY,ON,8.23E-02,7.64E-03,8.07E-02
MILK,WHOLE,01-Jul-88,30-Sep-88,THUNDER BAY,ON,6.80E-02,6.50E-03,6.66E-02
MILK,WHOLE,01-Oct-88,31-Dec-88,THUNDER BAY,ON,6.84E-02,5.95E-03,6.64E-02
MILK,WHOLE,01-Apr-89,30-Jun-89,THUNDER BAY,ON,7.08E-02,6.26E-03,6.75E-02
MILK,WHOLE,01-Oct-89,31-Dec-89,THUNDER BAY,ON,7.52E-02,6.40E-03,7.17E-02
MILK,WHOLE,01-Apr-90,30-Jun-90,THUNDER BAY,ON,8.09E-02,6.63E-03,7.70E-02
MILK,WHOLE,01-Oct-90,31-Dec-90,THUNDER BAY,ON,7.74E-02,7.55E-03,7.38E-02
MILK,WHOLE,01-Apr-91,30-Jun-91,THUNDER BAY,ON,6.62E-02,6.15E-03,6.37E-02
MILK,WHOLE,01-Oct-91,31-Dec-91,THUNDER BAY,ON,7.18E-02,6.09E-03,6.71E-02
MILK,WHOLE,01-Apr-92,30-Jun-92,THUNDER BAY,ON,7.39E-02,6.45E-03,6.84E-02
MILK,WHOLE,01-Oct-92,31-Dec-92,THUNDER BAY,ON,6.84E-02,5.71E-03,6.33E-02
MILK,WHOLE,01-Jan-93,31-Mar-93,THUNDER BAY,ON,6.97E-02,8.72E-03,
MILK,WHOLE,01-Apr-93,30-Jun-93,THUNDER BAY,ON,9.23E-02,9.41E-03,
MILK,WHOLE,01-Jul-93,30-Sep-93,THUNDER BAY,ON,6.27E-02,7.71E-03,
MILK,WHOLE,01-Oct-93,31-Dec-93,THUNDER BAY,ON,5.74E-02,7.68E-03,
MILK,WHOLE,01-Jan-84,31-Mar-84,TORONTO,ON,3.56E-02,6.92E-03,4.14E-02
MILK,WHOLE,01-Apr-84,30-Jun-84,TORONTO,ON,5.42E-02,7.04E-03,5.37E-02
MILK,WHOLE,01-Jul-84,30-Sep-84,TORONTO,ON,4.90E-02,,
MILK,WHOLE,01-Oct-84,31-Dec-84,TORONTO,ON,7.40E-02,,
MILK,WHOLE,01-Jan-85,31-Mar-85,TORONTO,ON,3.23E-02,8.50E-03,2.99E-02
MILK,WHOLE,01-Apr-85,30-Jun-85,TORONTO,ON,3.23E-02,8.50E-03,2.81E-02
MILK,WHOLE,01-Jul-85,30-Sep-85,TORONTO,ON,3.23E-02,8.50E-03,3.07E-02
MILK,WHOLE,01-Oct-85,31-Dec-85,TORONTO,ON,3.23E-02,8.50E-03,2.96E-02
MILK,WHOLE,01-Jan-86,31-Mar-86,TORONTO,ON,4.97E-02,1.00E-02,5.07E-02
MILK,WHOLE,01-Apr-86,30-Jun-86,TORONTO,ON,3.59E-02,8.46E-03,3.67E-02
MILK,WHOLE,01-Jul-86,30-Sep-86,TORONTO,ON,4.90E-02,5.59E-03,4.46E-02
MILK,WHOLE,01-Oct-86,31-Dec-86,TORONTO,ON,4.31E-02,6.13E-03,3.99E-02
MILK,WHOLE,01-Jan-87,31-Mar-87,TORONTO,ON,4.14E-02,4.38E-03,3.94E-02
MILK,WHOLE,01-Apr-87,30-Jun-87,TORONTO,ON,4.41E-02,5.55E-03,4.20E-02
MILK,WHOLE,01-Jul-87,30-Sep-87,TORONTO,ON,5.45E-02,5.87E-03,5.19E-02
MILK,WHOLE,01-Oct-87,31-Dec-87,TORONTO,ON,4.19E-02,4.50E-03,4.07E-02
MILK,WHOLE,01-Jan-88,31-Mar-88,TORONTO,ON,3.88E-02,4.71E-03,3.73E-02
MILK,WHOLE,01-Apr-88,30-Jun-88,TORONTO,ON,4.62E-02,1.01E-02,4.28E-02
MILK,WHOLE,01-Jul-88,30-Sep-88,TORONTO,ON,4.03E-02,4.32E-03,3.84E-02
MILK,WHOLE,01-Oct-88,31-Dec-88,TORONTO,ON,4.10E-02,4.14E-03,3.87E-02
MILK,WHOLE,01-Jan-89,31-Mar-89,TORONTO,ON,4.23E-02,4.29E-03,3.99E-02
MILK,WHOLE,01-Jul-89,30-Sep-89,TORONTO,ON,4.10E-02,,
MILK,WHOLE,01-Oct-89,31-Dec-89,TORONTO,ON,4.37E-02,4.20E-03,4.20E-02
MILK,WHOLE,01-Apr-90,30-Jun-90,TORONTO,ON,4.25E-02,4.51E-03,4.01E-02
MILK,WHOLE,01-Jul-90,30-Sep-90,TORONTO,ON,3.41E-02,4.62E-03,3.25E-02
MILK,WHOLE,01-Oct-90,31-Dec-90,TORONTO,ON,4.23E-02,4.50E-03,3.96E-02
MILK,WHOLE,01-Jan-91,31-Mar-91,TORONTO,ON,3.90E-02,,
MILK,WHOLE,01-Jul-91,30-Sep-91,TORONTO,ON,3.82E-02,3.45E-03,3.51E-02
MILK,WHOLE,01-Oct-91,31-Dec-91,TORONTO,ON,5.19E-02,5.79E-03,4.80E-02
MILK,WHOLE,01-Jul-92,30-Sep-92,TORONTO,ON,3.71E-02,3.30E-03,3.44E-02
MILK,WHOLE,01-Oct-92,31-Dec-92,TORONTO,ON,4.63E-02,4.04E-03,4.28E-02
MILK,WHOLE,01-Jan-93,31-Mar-93,TORONTO,ON,2.75E-02,3.62E-03,2.60E-02
MILK,WHOLE,01-Apr-93,30-Jun-93,TORONTO,ON,2.89E-02,7.65E-03,
MILK,WHOLE,01-Jul-93,30-Sep-93,TORONTO,ON,2.40E-02,6.64E-03,
MILK,WHOLE,01-Oct-93,31-Dec-93,TORONTO,ON,2.15E-02,7.01E-03,
MILK,WHOLE,01-Jan-84,31-Mar-84,TRURO,NS,7.44E-02,8.77E-03,8.17E-02
MILK,WHOLE,01-Apr-84,30-Jun-84,TRURO,NS,1.12E-01,1.19E-02,1.23E-01
MILK,WHOLE,01-Jul-84,30-Sep-84,TRURO,NS,6.70E-02,,
MILK,WHOLE,01-Oct-84,31-Dec-84,TRURO,ND,1.00E-01,,
MILK,WHOLE,01-Jan-85,31-Mar-85,TRURO,NS,8.28E-02,8.03E-03,7.96E-02
MILK,WHOLE,01-Apr-85,30-Jun-85,TRURO,NS,8.25E-02,8.00E-03,7.17E-02
MILK,WHOLE,01-Jul-85,30-Sep-85,TRURO,NS,8.25E-02,8.00E-03,8.69E-02
MILK,WHOLE,01-Oct-85,31-Dec-85,TRURO,NS,8.25E-02,8.00E-03,7.50E-02
MILK,WHOLE,01-Jan-86,31-Mar-86,TRURO,NS,7.21E-02,1.11E-02,7.36E-02
MILK,WHOLE,01-Apr-86,30-Jun-86,TRURO,NS,6.51E-02,1.02E-02,6.32E-02
MILK,WHOLE,01-Jul-86,30-Sep-86,TRURO,NS,9.38E-02,8.23E-03,9.02E-02
MILK,WHOLE,01-Oct-86,31-Dec-86,TRURO,NS,7.96E-02,7.38E-03,7.88E-02
MILK,WHOLE,01-Jan-87,31-Mar-87,TRURO,NS,7.07E-02,6.49E-03,6.37E-02
MILK,WHOLE,01-Apr-87,30-Jun-87,TRURO,NS,7.98E-02,7.46E-03,7.13E-02
MILK,WHOLE,01-Jul-87,30-Sep-87,TRURO,NS,1.16E-01,1.01E-02,1.08E-01
MILK,WHOLE,01-Oct-87,31-Dec-87,TRURO,NS,9.48E-02,7.70E-03,9.39E-02
MILK,WHOLE,01-Jan-88,31-Mar-88,TRURO,NS,6.42E-02,6.29E-03,6.42E-02
MILK,WHOLE,01-Apr-88,30-Jun-88,TRURO,NS,6.96E-02,6.83E-03,6.33E-02
MILK,WHOLE,01-Jul-88,30-Sep-88,TRURO,NS,8.30E-02,7.53E-03,7.83E-02
MILK,WHOLE,01-Oct-88,31-Dec-88,TRURO,NS,6.68E-02,6.00E-03,6.24E-02
MILK,WHOLE,01-Apr-89,30-Jun-89,TRURO,NS,7.13E-02,6.11E-03,6.79E-02
MILK,WHOLE,01-Jan-91,31-Mar-91,TRURO,NS,7.90E-02,,
MILK,WHOLE,01-Jan-93,31-Mar-93,TRURO,NS,6.80E-02,5.80E-03,6.60E-02
MILK,WHOLE,01-Apr-93,30-Jun-93,TRURO,NS,5.28E-02,8.44E-03,
MILK,WHOLE,01-Jul-93,30-Sep-93,TRURO,NS,5.71E-02,7.39E-03,
MILK,WHOLE,01-Oct-93,31-Dec-93,TRURO,NS,4.53E-02,7.48E-03,
MILK,WHOLE,01-Jan-84,31-Mar-84,VANCOUVER,BC,7.70E-02,8.32E-03,8.28E-02
MILK,WHOLE,01-Apr-84,30-Jun-84,VANCOUVER,BC,7.95E-02,8.66E-03,7.10E-02
MILK,WHOLE,01-Jul-84,30-Sep-84,VANCOUVER,BC,8.70E-02,,
MILK,WHOLE,01-Jan-85,31-Mar-85,VANCOUVER,BC,8.17E-02,1.20E-02,7.17E-02
MILK,WHOLE,01-Apr-85,30-Jun-85,VANCOUVER,BC,8.17E-02,1.20E-02,7.17E-02
MILK,WHOLE,01-Jul-85,30-Sep-85,VANCOUVER,BC,8.17E-02,1.20E-02,7.43E-02
MILK,WHOLE,01-Oct-85,31-Dec-85,VANCOUVER,BC,8.17E-02,1.20E-02,7.86E-02
MILK,WHOLE,01-Jan-86,31-Mar-86,VANCOUVER,BC,6.32E-02,6.61E-03,6.02E-02
MILK,WHOLE,01-Apr-86,30-Jun-86,VANCOUVER,BC,5.52E-02,1.15E-02,5.46E-02
MILK,WHOLE,01-Jul-86,30-Sep-86,VANCOUVER,BC,6.30E-02,6.97E-03,5.73E-02
MILK,WHOLE,01-Oct-86,31-Dec-86,VANCOUVER,BC,5.98E-02,7.15E-03,5.64E-02
MILK,WHOLE,01-Jan-87,31-Mar-87,VANCOUVER,BC,5.39E-02,5.27E-03,5.39E-02
MILK,WHOLE,01-Apr-87,30-Jun-87,VANCOUVER,BC,4.99E-02,6.06E-03,4.70E-02
MILK,WHOLE,01-Jul-87,30-Sep-87,VANCOUVER,BC,7.03E-02,7.75E-03,6.64E-02
MILK,WHOLE,01-Oct-87,31-Dec-87,VANCOUVER,BC,5.82E-02,5.48E-03,5.60E-02
MILK,WHOLE,01-Jan-88,31-Mar-88,VANCOUVER,BC,4.45E-02,4.95E-03,4.36E-02
MILK,WHOLE,01-Apr-88,30-Jun-88,VANCOUVER,BC,4.99E-02,5.80E-03,4.58E-02
MILK,WHOLE,01-Jul-88,30-Sep-88,VANCOUVER,BC,6.63E-02,6.37E-03,6.37E-02
MILK,WHOLE,01-Oct-88,31-Dec-88,VANCOUVER,BC,6.83E-02,6.14E-03,6.32E-02
MILK,WHOLE,01-Jan-89,31-Mar-89,VANCOUVER,BC,4.50E-02,4.42E-03,4.25E-02
MILK,WHOLE,01-Apr-89,30-Jun-89,VANCOUVER,BC,5.94E-02,5.58E-03,5.66E-02
MILK,WHOLE,01-Jul-89,30-Sep-89,VANCOUVER,BC,6.00E-02,,
MILK,WHOLE,01-Oct-89,31-Dec-89,VANCOUVER,BC,5.33E-02,4.85E-03,5.02E-02
MILK,WHOLE,01-Jan-90,31-Mar-90,VANCOUVER,BC,4.25E-02,3.84E-03,4.01E-02
MILK,WHOLE,01-Apr-90,30-Jun-90,VANCOUVER,BC,5.14E-02,4.38E-03,4.80E-02
MILK,WHOLE,01-Jul-90,30-Sep-90,VANCOUVER,BC,5.07E-02,5.05E-03,4.69E-02
MILK,WHOLE,01-Oct-90,31-Dec-90,VANCOUVER,BC,5.26E-02,6.47E-03,4.96E-02
MILK,WHOLE,01-Jan-91,31-Mar-91,VANCOUVER,BC,5.10E-02,,
MILK,WHOLE,01-Apr-91,30-Jun-91,VANCOUVER,BC,4.45E-02,4.97E-03,4.12E-02
MILK,WHOLE,01-Jul-91,30-Sep-91,VANCOUVER,BC,4.98E-02,4.32E-03,4.66E-02
MILK,WHOLE,01-Oct-91,31-Dec-91,VANCOUVER,BC,3.93E-02,5.67E-03,3.60E-02
MILK,WHOLE,01-Jan-92,31-Mar-92,VANCOUVER,BC,4.50E-02,,
MILK,WHOLE,01-Apr-92,30-Jun-92,VANCOUVER,BC,4.76E-02,4.59E-03,4.41E-02
MILK,WHOLE,01-Jul-92,30-Sep-92,VANCOUVER,BC,4.88E-02,4.27E-03,4.47E-02
MILK,WHOLE,01-Oct-92,31-Dec-92,VANCOUVER,BC,4.49E-02,3.87E-03,4.04E-02
MILK,WHOLE,01-Jan-93,31-Mar-93,VANCOUVER,BC,3.47E-02,3.62E-03,3.24E-02
MILK,WHOLE,01-Apr-93,30-Jun-93,VANCOUVER,BC,3.86E-02,7.99E-03,
MILK,WHOLE,01-Jul-93,30-Sep-93,VANCOUVER,BC,6.64E-02,8.37E-03,
MILK,WHOLE,01-Oct-93,31-Dec-93,VANCOUVER,BC,3.14E-02,7.16E-03,
MILK,WHOLE,01-Jan-84,31-Mar-84,WINDSOR,ON,3.62E-02,3.66E-03,3.70E-02
MILK,WHOLE,01-Apr-84,30-Jun-84,WINDSOR,ON,5.25E-02,6.95E-03,5.20E-02
MILK,WHOLE,01-Jul-84,30-Sep-84,WINDSOR,ON,6.10E-02,,
MILK,WHOLE,01-Oct-84,31-Dec-84,WINDSOR,ON,5.20E-02,,
MILK,WHOLE,01-Jan-85,31-Mar-85,WINDSOR,ON,3.78E-02,4.54E-03,3.41E-02
MILK,WHOLE,01-Apr-85,30-Jun-85,WINDSOR,ON,3.78E-02,4.54E-03,3.32E-02
MILK,WHOLE,01-Jul-85,30-Sep-85,WINDSOR,ON,3.78E-02,4.54E-03,3.40E-02
MILK,WHOLE,01-Oct-85,31-Dec-85,WINDSOR,ON,3.78E-02,4.54E-03,3.50E-02
MILK,WHOLE,01-Jan-86,31-Mar-86,WINDSOR,ON,4.33E-02,5.86E-03,4.16E-02
MILK,WHOLE,01-Apr-86,30-Jun-86,WINDSOR,ON,5.20E-02,8.69E-03,5.10E-02
MILK,WHOLE,01-Jul-86,30-Sep-86,WINDSOR,ON,4.67E-02,4.98E-03,4.33E-02
MILK,WHOLE,01-Oct-86,31-Dec-86,WINDSOR,ON,4.73E-02,7.06E-03,4.60E-02
MILK,WHOLE,01-Jan-87,31-Mar-87,WINDSOR,ON,6.05E-02,7.08E-03,5.82E-02
MILK,WHOLE,01-Apr-87,30-Jun-87,WINDSOR,ON,4.72E-02,7.89E-03,4.68E-02
MILK,WHOLE,01-Jul-87,30-Sep-87,WINDSOR,ON,5.29E-02,6.90E-03,5.14E-02
MILK,WHOLE,01-Oct-87,31-Dec-87,WINDSOR,ON,5.69E-02,5.02E-03,5.69E-02
MILK,WHOLE,01-Jan-88,31-Mar-88,WINDSOR,ON,3.83E-02,3.65E-03,3.65E-02
MILK,WHOLE,01-Apr-88,30-Jun-88,WINDSOR,ON,4.25E-02,5.08E-03,4.21E-02
MILK,WHOLE,01-Jul-88,30-Sep-88,WINDSOR,ON,3.66E-02,3.53E-03,3.49E-02
MILK,WHOLE,01-Oct-88,31-Dec-88,WINDSOR,ON,4.05E-02,4.53E-03,3.90E-02
MILK,WHOLE,01-Apr-89,30-Jun-89,WINDSOR,ON,4.47E-02,4.50E-03,4.18E-02
MILK,WHOLE,01-Jan-90,31-Mar-90,WINDSOR,ON,3.94E-02,3.72E-03,3.79E-02
MILK,WHOLE,01-Apr-91,30-Jun-91,WINDSOR,ON,3.90E-02,4.60E-03,3.58E-02
MILK,WHOLE,01-Jan-84,31-Mar-84,WINNIPEG,MB,7.93E-02,8.65E-03,7.78E-02
MILK,WHOLE,01-Apr-84,30-Jun-84,WINNIPEG,MB,6.69E-02,7.85E-03,6.62E-02
MILK,WHOLE,01-Jul-84,30-Sep-84,WINNIPEG,MB,6.90E-02,,
MILK,WHOLE,01-Oct-84,31-Dec-84,WINNIPEG,MB,6.90E-02,,
MILK,WHOLE,01-Jan-85,31-Mar-85,WINNIPEG,MB,5.96E-02,6.76E-03,5.73E-02
MILK,WHOLE,01-Apr-85,30-Jun-85,WINNIPEG,MB,5.96E-02,6.76E-03,5.32E-02
MILK,WHOLE,01-Oct-85,31-Dec-85,WINNIPEG,MB,5.96E-02,6.76E-03,5.96E-02
MILK,WHOLE,01-Jan-86,31-Mar-86,WINNIPEG,MB,5.06E-02,9.39E-03,5.16E-02
MILK,WHOLE,01-Apr-86,30-Jun-86,WINNIPEG,MB,6.86E-02,1.03E-02,6.93E-02
MILK,WHOLE,01-Jul-86,30-Sep-86,WINNIPEG,MB,6.99E-02,6.13E-03,6.60E-02
MILK,WHOLE,01-Oct-86,31-Dec-86,WINNIPEG,MB,9.82E-02,8.32E-03,9.54E-02
MILK,WHOLE,01-Jan-87,31-Mar-87,WINNIPEG,MB,5.08E-02,6.25E-03,5.08E-02
MILK,WHOLE,01-Apr-87,30-Jun-87,WINNIPEG,MB,4.43E-02,7.03E-03,4.43E-02
MILK,WHOLE,01-Jul-87,30-Sep-87,WINNIPEG,MB,6.44E-02,6.65E-03,6.19E-02
MILK,WHOLE,01-Oct-87,31-Dec-87,WINNIPEG,MB,4.92E-02,4.33E-03,4.69E-02
MILK,WHOLE,01-Jan-88,31-Mar-88,WINNIPEG,MB,5.73E-02,5.00E-03,5.84E-02
MILK,WHOLE,01-Apr-88,30-Jun-88,WINNIPEG,MB,5.94E-02,6.01E-03,5.50E-02
MILK,WHOLE,01-Jul-88,30-Sep-88,WINNIPEG,MB,5.93E-02,5.12E-03,5.75E-02
MILK,WHOLE,01-Oct-88,31-Dec-88,WINNIPEG,MB,5.24E-02,5.60E-03,4.94E-02
MILK,WHOLE,01-Apr-89,30-Jun-89,WINNIPEG,MB,6.00E-02,6.03E-03,5.66E-02
MILK,WHOLE,01-Jul-90,30-Sep-90,WINNIPEG,MB,4.65E-02,5.41E-03,4.47E-02
MILK,WHOLE,01-Oct-91,31-Dec-91,WINNIPEG,MB,4.91E-02,5.90E-03,4.64E-02
MILK,WHOLE,01-Jan-93,31-Mar-93,WINNIPEG,MB,4.49E-02,4.03E-03,4.23E-02
MILK,WHOLE,01-Apr-93,30-Jun-93,WINNIPEG,MB,5.12E-02,8.38E-03,
MILK,WHOLE,01-Jul-93,30-Sep-93,WINNIPEG,MB,4.03E-02,7.26E-03,
MILK,WHOLE,01-Oct-93,31-Dec-93,WINNIPEG,MB,3.15E-02,7.08E-03,
MILK,WHOLE,01-Jan-84,31-Mar-84,OTTAWA,ON,6.12E-02,7.68E-03,5.72E-02
MILK,WHOLE,01-Apr-84,30-Jun-84,OTTAWA,ON,1.23E-01,1.27E-02,1.11E-01
MILK,WHOLE,01-Jul-84,30-Sep-84,OTTAWA,ON,1.10E-01,,
MILK,WHOLE,01-Oct-84,31-Dec-84,OTTAWA,ON,1.00E-01,,
MILK,WHOLE,01-Jan-85,31-Mar-85,OTTAWA,ON,8.12E-02,7.25E-03,7.18E-02
MILK,WHOLE,01-Apr-85,30-Jun-85,OTTAWA,ON,8.12E-02,7.25E-03,6.76E-02
MILK,WHOLE,01-Jul-85,30-Sep-85,OTTAWA,ON,8.12E-02,7.25E-03,7.45E-02
MILK,WHOLE,01-Oct-85,31-Dec-85,OTTAWA,ON,8.12E-02,7.25E-03,7.58E-02
MILK,WHOLE,01-Jan-86,31-Mar-86,OTTAWA,ON,7.56E-02,7.42E-03,6.94E-02
MILK,WHOLE,01-Apr-86,30-Jun-86,OTTAWA,ON,6.97E-02,8.39E-03,6.64E-02
MILK,WHOLE,01-Jul-86,30-Sep-86,OTTAWA,ON,8.48E-02,7.32E-03,7.64E-02
MILK,WHOLE,01-Oct-86,31-Dec-86,OTTAWA,ON,5.33E-02,5.43E-03,5.28E-02
MILK,WHOLE,01-Jan-87,31-Mar-87,OTTAWA,ON,6.25E-02,6.39E-03,6.01E-02
MILK,WHOLE,01-Apr-87,30-Jun-87,OTTAWA,ON,8.62E-02,1.01E-02,8.06E-02
MILK,WHOLE,01-Jul-87,30-Sep-87,OTTAWA,ON,7.38E-02,7.01E-03,7.10E-02
MILK,WHOLE,01-Oct-87,31-Dec-87,OTTAWA,ON,6.71E-02,5.91E-03,6.39E-02
MILK,WHOLE,01-Jan-88,31-Mar-88,OTTAWA,ON,7.53E-02,6.27E-03,7.38E-02
MILK,WHOLE,01-Apr-88,30-Jun-88,OTTAWA,ON,6.51E-02,7.34E-03,5.97E-02
MILK,WHOLE,01-Jul-88,30-Sep-88,OTTAWA,ON,6.58E-02,5.63E-03,6.39E-02
MILK,WHOLE,01-Oct-88,31-Dec-88,OTTAWA,ON,5.67E-02,5.88E-03,5.35E-02
MILK,WHOLE,01-Jan-89,31-Mar-89,OTTAWA,ON,5.19E-02,4.71E-03,4.95E-02
MILK,WHOLE,01-Apr-89,30-Jun-89,OTTAWA,ON,6.42E-02,6.43E-03,6.06E-02
MILK,WHOLE,01-Jan-90,31-Mar-90,OTTAWA,ON,6.79E-02,5.68E-03,6.34E-02
MILK,WHOLE,01-Oct-90,31-Dec-90,OTTAWA,ON,6.53E-02,5.62E-03,6.22E-02
MILK,WHOLE,01-Jul-91,30-Sep-91,OTTAWA,ON,6.00E-02,5.18E-03,5.51E-02
MILK,WHOLE,01-Jul-92,30-Sep-92,OTTAWA,ON,6.40E-02,5.41E-03,5.87E-02
MILK,WHOLE,01-Jan-93,31-Mar-93,OTTAWA,ON,5.16E-02,8.94E-03,
MILK,WHOLE,01-Apr-93,30-Jun-93,OTTAWA,ON,5.40E-02,8.27E-03,
MILK,WHOLE,01-Jul-93,30-Sep-93,OTTAWA,ON,5.76E-02,7.58E-03,
MILK,WHOLE,01-Oct-93,31-Dec-93,OTTAWA,ON,5.28E-02,7.61E-03,
MILK,WHOLE,01-Jan-94,31-Mar-94,OTTAWA,ON,6.07E-02,7.54E-03,
MILK,WHOLE,01-Apr-94,30-Jun-94,OTTAWA,ON,4.30E-02,7.12E-03,
MILK,WHOLE,01-Jul-94,30-Sep-94,OTTAWA,ON,3.98E-02,7.18E-03,
MILK,WHOLE,01-Oct-94,31-Dec-94,OTTAWA,ON,6.52E-02,7.96E-03,
MILK,WHOLE,01-Jan-95,31-Mar-95,OTTAWA,ON,3.76E-02,6.96E-03,
MILK,WHOLE,01-Jul-95,30-Sep-95,OTTAWA,ON,3.18E-02,6.92E-03,
MILK,WHOLE,01-Oct-95,31-Dec-95,OTTAWA,ON,4.14E-02,7.17E-03,
MILK,WHOLE,01-Jan-96,31-Mar-96,OTTAWA,ON,4.74E-02,6.89E-03,
MILK,WHOLE,01-Jul-96,30-Sep-96,OTTAWA,ON,4.12E-02,6.66E-03,
MILK,WHOLE,01-Oct-96,31-Dec-96,OTTAWA,ON,3.25E-02,7.30E-03,
MILK,WHOLE,01-Jan-97,31-Mar-97,OTTAWA,ON,3.12E-02,6.88E-03,
MILK,WHOLE,01-Apr-97,30-Jun-97,OTTAWA,ON,3.81E-02,6.77E-03,
MILK,WHOLE,01-Jul-97,30-Sep-97,OTTAWA,ON,3.29E-02,6.62E-03,
MILK,WHOLE,01-Oct-97,31-Dec-97,OTTAWA,ON,2.57E-02,6.55E-03,
MILK,WHOLE,01-Jan-98,31-Mar-98,OTTAWA,ON,3.17E-02,6.66E-03,
MILK,WHOLE,01-Apr-98,30-Jun-98,OTTAWA,ON,3.66E-02,6.76E-03,
MILK,WHOLE,01-Jul-98,30-Sep-98,OTTAWA,ON,4.11E-02,6.95E-03,
MILK,WHOLE,01-Oct-98,31-Dec-98,OTTAWA,ON,3.27E-02,7.11E-03,
MILK,WHOLE,01-Jan-99,31-Mar-99,OTTAWA,ON,3.15E-02,7.59E-03,
MILK,WHOLE,01-Apr-99,30-Jun-99,OTTAWA,ON,3.74E-02,7.02E-03,
MILK,WHOLE,01-Jul-99,30-Sep-99,OTTAWA,ON,3.19E-02,6.14E-03,
MILK,WHOLE,01-Oct-99,31-Dec-99,OTTAWA,ON,2.97E-02,6.34E-03,
MILK,WHOLE,01-Jan-00,31-Mar-00,OTTAWA,ON,3.89E-02,6.08E-03,
MILK,WHOLE,01-Apr-00,30-Jun-00,OTTAWA,ON,3.84E-02,6.07E-03,
MILK,WHOLE,01-Jul-00,30-Sep-00,OTTAWA,ON,4.30E-02,1.30E-02,
MILK,WHOLE,01-Oct-00,31-Dec-00,OTTAWA,ON,3.10E-02,1.20E-02,
MILK,WHOLE,01-Jan-01,31-Mar-01,OTTAWA,ON,4.21E-02,1.31E-02,
MILK,WHOLE,01-Apr-01,30-Jun-01,OTTAWA,ON,4.01E-02,1.34E-02,
MILK,WHOLE,01-Jul-01,30-Sep-01,OTTAWA,ON,5.07E-02,1.35E-02,
MILK,WHOLE,01-Oct-01,31-Dec-01,OTTAWA,ON,3.88E-02,1.40E-02,
MILK,WHOLE,01-Jan-02,31-Mar-02,OTTAWA,ON,3.15E-02,1.35E-02,
MILK,WHOLE,01-Apr-02,30-Jun-02,OTTAWA,ON,3.80E-02,1.28E-02,
MILK,WHOLE,01-Jul-02,30-Sep-02,OTTAWA,ON,3.73E-02,1.26E-02,
MILK,WHOLE,01-Oct-02,31-Dec-02,OTTAWA,ON,2.20E-02,1.37E-02,
MILK,WHOLE,01-Jan-03,31-Mar-03,OTTAWA,ON,4.08E-02,1.42E-02,
MILK,WHOLE,01-Apr-03,30-Jun-03,OTTAWA,ON,3.38E-02,1.32E-02,
MILK,WHOLE,01-Jul-03,30-Sep-03,OTTAWA,ON,3.38E-02,1.32E-02,
MILK,WHOLE,01-Oct-03,31-Dec-03,OTTAWA,ON,2.96E-02,1.55E-02,
MILK,WHOLE,01-Jan-04,31-Mar-04,OTTAWA,ON,3.17E-02,1.67E-02,
MILK,WHOLE,01-Apr-04,30-Jun-04,OTTAWA,ON,2.52E-02,1.56E-02,
MILK,WHOLE,01-Jul-04,30-Sep-04,OTTAWA,ON,0.00E+00,0.00E+00,
MILK,WHOLE,01-Oct-04,31-Dec-04,OTTAWA,ON,2.87E-02,1.50E-02,
MILK,WHOLE,01-Jan-05,31-Mar-05,OTTAWA,ON,2.50E-02,1.49E-02,
MILK,WHOLE,01-Apr-05,30-Jun-05,OTTAWA,ON,3.04E-02,1.50E-02,
MILK,WHOLE,01-Jul-05,30-Sep-05,OTTAWA,ON,1.37E-02,1.47E-02,
MILK,WHOLE,01-Oct-05,31-Dec-05,OTTAWA,ON,3.53E-02,1.50E-02,
MILK,WHOLE,01-Jan-06,31-Mar-06,OTTAWA,ON,1.86E-02,1.44E-02,
MILK,WHOLE,01-Apr-06,30-Jun-06,OTTAWA,ON,1.18E-02,1.51E-02,
MILK,WHOLE,01-Jul-06,30-Sep-06,OTTAWA,ON,0.00E+00,0.00E+00,
MILK,WHOLE,01-Oct-06,31-Dec-06,OTTAWA,ON,3.38E-02,1.56E-02,
MILK,WHOLE,01-Jan-07,31-Mar-07,OTTAWA,ON,5.59E-02,1.47E-02,
MILK,WHOLE,01-Apr-07,30-Jun-07,OTTAWA,ON,2.46E-02,1.40E-02,
MILK,WHOLE,01-Jul-07,30-Sep-07,OTTAWA,ON,2.99E-02,1.41E-02,
MILK,WHOLE,01-Oct-07,31-Dec-07,OTTAWA,ON,2.91E-02,1.32E-02,
MILK,WHOLE,01-Jan-08,31-Mar-08,OTTAWA,ON,3.98E-02,1.32E-02,
MILK,WHOLE,01-Apr-08,30-Jun-08,OTTAWA,ON,3.27E-02,1.31E-02,
MILK,WHOLE,01-Jul-08,30-Sep-08,OTTAWA,ON,3.06E-02,1.32E-02,
MILK,WHOLE,01-Oct-08,31-Dec-08,OTTAWA,ON,2.64E-02,1.32E-02,
MILK,RAW,01-Oct-09,31-Dec-09,OTTAWA,ON,4.57E-02,1.32E-02,
MILK,RAW,01-Jan-10,31-Mar-10,OTTAWA,ON,8.21E-02,1.45E-02,
MILK,RAW,01-Apr-10,30-Jun-10,OTTAWA,ON,1.91E-02,1.22E-02,
MILK,RAW,01-Jul-10,30-Sep-10,OTTAWA,ON,1.01E-02,1.18E-02,
MILK,RAW,01-Oct-10,31-Dec-10,OTTAWA,ON,1.84E-02,1.25E-02,
MILK,RAW,01-Jan-11,31-Mar-11,OTTAWA,ON,1.55E-02,1.21E-02,
MILK,RAW,01-Apr-11,30-Jun-11,OTTAWA,ON,3.41E-02,1.29E-02,
MILK,RAW,01-Jul-11,30-Sep-11,OTTAWA,ON,9.28E-03,1.20E-02,
MILK,RAW,01-Oct-11,31-Dec-11,OTTAWA,ON,1.54E-02,1.21E-02,
MILK,RAW,01-Jan-12,31-Mar-12,OTTAWA,ON,1.46E-02,1.18E-02,
MILK,RAW,01-Apr-12,30-Jun-12,OTTAWA,ON,2.12E-02,1.22E-02,
MILK,RAW,01-Jul-12,30-Sep-12,OTTAWA,ON,2.10E-02,1.26E-02,
MILK,RAW,01-Oct-12,31-Dec-12,OTTAWA,ON,1.26E-02,1.19E-02,
MILK,RAW,01-Jan-13,31-Mar-13,OTTAWA,ON,1.67E-02,1.23E-02,
MILK,RAW,01-Apr-13,30-Jun-13,OTTAWA,ON,7.52E-03,1.14E-02,
MILK,RAW,01-Jul-13,30-Sep-13,OTTAWA,ON,1.47E-02,1.16E-02,
MILK,RAW,01-Oct-13,31-Dec-13,OTTAWA,ON,8.34E-03,1.12E-02,
MILK,RAW,01-Jan-14,31-Mar-14,OTTAWA,ON,7.95E-03,1.12E-02,
MILK,RAW,01-Apr-14,30-Jun-14,OTTAWA,ON,9.83E-03,1.12E-02,
MILK,RAW,01-Jul-14,30-Sep-14,OTTAWA,ON,1.81E-02,1.14E-02,
MILK,RAW,01-Oct-14,31-Dec-14,OTTAWA,ON,9.60E-03,1.09E-02,
MILK,RAW,01-Jan-15,31-Mar-15,OTTAWA,ON,8.96E-03,1.08E-02,
MILK,RAW,01-Apr-15,30-Jun-15,OTTAWA,ON,1.19E-02,1.08E-02,
MILK,RAW,01-Oct-15,31-Dec-15,OTTAWA,ON,2.04E-02,1.25E-02,
MILK,RAW,01-Jan-16,31-Mar-16,OTTAWA,ON,2.46E-02,1.29E-02,
MILK,RAW,01-Apr-16,30-Jun-16,OTTAWA,ON,2.71E-02,1.26E-02,
MILK,RAW,01-Jul-16,30-Sep-16,OTTAWA,ON,1.82E-02,1.22E-02,
MILK,RAW,01-Oct-16,31-Dec-16,OTTAWA,ON,2.19E-02,1.42E-02,
MILK,RAW,01-Jan-17,31-Mar-17,OTTAWA,ON,2.58E-02,1.44E-02,
MILK,RAW,01-Apr-17,30-Jun-17,OTTAWA,ON,1.50E-02,1.37E-02,
MILK,RAW,01-Jul-17,30-Sep-17,OTTAWA,ON,2.72E-02,1.46E-02,
MILK,RAW,01-Oct-17,31-Dec-17,OTTAWA,ON,1.40E-02,1.37E-02,
MILK,RAW,01-Jan-18,31-Mar-18,OTTAWA,ON,1.23E-02,1.36E-02,
MILK,RAW,01-Apr-18,30-Jun-18,OTTAWA,ON,1.27E-02,1.34E-02,
MILK,RAW,01-Jul-18,30-Sep-18,OTTAWA,ON,2.90E-03,1.92E-02,
MILK,RAW,01-Oct-18,31-Dec-18,OTTAWA,ON,1.17E-02,1.86E-02,
MILK,RAW,01-Jan-19,31-Mar-19,OTTAWA,ON,2.37E-02,1.76E-02,
MILK,RAW,01-Apr-19,30-Jun-19,OTTAWA,ON,1.02E-02,1.73E-02,
MILK,RAW,01-Jul-19,30-Sep-19,OTTAWA,ON,3.04E-02,1.75E-02,
MILK,RAW,01-Oct-19,31-Dec-19,OTTAWA,ON,9.64E-03,1.65E-02,
MILK,RAW,01-Jan-20,31-Mar-20,OTTAWA,ON,4.06E-03,1.85E-02,
MILK,RAW,01-Apr-20,30-Jun-20,OTTAWA,ON,1.73E-02,1.72E-02,
MILK,RAW,01-Jul-20,30-Sep-20,OTTAWA,ON,1.69E-02,1.78E-02,
MILK,RAW,01-Oct-20,31-Dec-20,OTTAWA,ON,5.97E-04,1.70E-02,
MILK,RAW,01-Jan-21,31-Mar-21,OTTAWA,ON,1.51E-02,5.16E-03,
MILK,RAW,01-Apr-21,30-Jun-21,OTTAWA,ON,1.27E-02,5.09E-03,
MILK,RAW,01-Jul-21,30-Sep-21,OTTAWA,ON,3.40E-02,5.44E-03,
MILK,RAW,01-Oct-21,31-Dec-21,OTTAWA,ON,1.30E-02,4.71E-03,
MILK,RAW,01-Jan-22,31-Mar-22,OTTAWA,ON,2.05E-02,6.80E-03,
MILK,RAW,01-Apr-22,30-Jun-22,OTTAWA,ON,1.16E-03,5.23E-03,
MILK,RAW,01-Jul-22,30-Sep-22,OTTAWA,ON,2.05E-02,5.11E-03,
MILK,RAW,01-Oct-22,31-Dec-22,OTTAWA,ON,2.02E-02,5.10E-03,
MILK,RAW,01-Jan-23,31-Mar-23,OTTAWA,ON,1.77E-02,5.23E-03,
MILK,RAW,01-Apr-23,30-Jun-23,OTTAWA,ON,1.45E-02,4.98E-03,
MILK,RAW,01-Jul-23,30-Sep-23,OTTAWA,ON,1.42E-02,4.48E-03,
MILK,RAW,01-Oct-23,31-Dec-23,OTTAWA,ON,1.59E-02,4.61E-03,